{"cameraMode":{"drawMode":0,"name":"Shaded","section":"Shading Mode"},"sceneLighting":false,"audioPlay":false,"sceneViewState":{"showFog":true,"showMaterialUpdate":false,"showSkybox":false,"showFlares":true,"showImageEffects":true,"showParticleSystems":true,"showVisualEffectGraphs":true,"m_FxEnabled":true},"in2DMode":false,"pivot":{"x":0.04304695129394531,"y":1.7516107559204102,"z":0.05643129348754883},"rotation":{"x":-0.08515364676713944,"y":0.6123505234718323,"z":-0.06659043580293656,"w":-0.7831739783287048},"size":3.3922672271728517,"orthographic":false}