{"cameraMode":{"drawMode":0,"name":"Shaded","section":"Shading Mode"},"sceneLighting":false,"audioPlay":false,"sceneViewState":{"showFog":true,"showMaterialUpdate":false,"showSkybox":false,"showFlares":true,"showImageEffects":true,"showParticleSystems":true,"showVisualEffectGraphs":true,"m_FxEnabled":true},"in2DMode":false,"pivot":{"x":0.7428195476531982,"y":1.3214998245239258,"z":0.24779561161994935},"rotation":{"x":-0.11341305822134018,"y":0.24531742930412293,"z":-0.028919372707605363,"w":-0.9623622298240662},"size":4.599625587463379,"orthographic":false}